3, 17, 22, 29, 34, 42, 9
7, 25, 11, 8, 20, 32, 30
5, 19, 13, 42, 21, 28, 35
4, 10, 18, 35, 36, 38, 21
8, 16, 17, 23, 29, 32, 7
4, 7, 10, 16, 27, 41, 12
11, 14, 16, 22, 28, 30, 7
14, 15, 18, 26, 28, 35, 17
8, 14, 19, 22, 31, 37, 33
3, 6, 9, 13, 14, 17, 24
18, 22, 25, 30, 36, 42, 1
9, 11, 15, 29, 31, 41, 5
4, 20, 21, 22, 23, 28, 25
10, 18, 24, 33, 38, 40, 41
3, 4, 17, 27, 34, 40, 38
14, 15, 19, 27, 29, 39, 30
4, 11, 12, 17, 27, 35, 39
2, 5, 16, 17, 29, 40, 18
8, 24, 25, 31, 38, 41, 2
3, 17, 21, 23, 30, 39, 22
10, 19, 23, 33, 39, 42, 16
1, 9, 11, 26, 28, 30, 35
4, 5, 10, 28, 38, 41, 33
9, 11, 17, 18, 22, 25, 24
4, 9, 13, 14, 23, 37, 35
6, 15, 28, 29, 33, 35, 22
10, 11, 12, 14, 25, 32, 4
6, 13, 21, 25, 26, 36, 27
7, 13, 22, 23, 31, 38, 19
4, 7, 11, 20, 29, 38, 18
12, 15, 22, 26, 37, 42, 41
17, 26, 30, 35, 37, 41, 9
6, 10, 13, 22, 29, 36, 3
8, 12, 16, 17, 33, 40, 3
1, 12, 25, 31, 40, 41, 34
3, 4, 6, 12, 16, 19, 31
1, 6, 21, 24, 38, 42, 7
4, 6, 7, 20, 23, 36, 33
15, 19, 26, 31, 36, 37, 32
3, 23, 24, 36, 37, 39, 35
1, 4, 8, 12, 13, 36, 27
3, 9, 14, 15, 24, 41, 39
4, 27, 29, 33, 37, 39, 14
1, 9, 15, 29, 35, 41, 19
3, 12, 23, 29, 31, 32, 16
2, 3, 8, 25, 30, 37, 22
1, 10, 21, 23, 37, 40, 29
1, 7, 17, 26, 28, 38, 6
1, 3, 20, 29, 40, 42, 17
8, 11, 15, 18, 23, 38, 12
1, 4, 21, 22, 33, 37, 30
15, 18, 24, 30, 36, 38, 3
5, 14, 15, 19, 30, 34, 42
4, 20, 25, 34, 35, 40, 14
9, 22, 25, 34, 41, 42, 17
1, 6, 21, 23, 25, 42, 26
12, 15, 16, 32, 33, 36, 13
3, 19, 27, 31, 35, 41, 29
5, 11, 14, 19, 25, 32, 42
6, 10, 14, 15, 33, 37, 24
2, 3, 16, 27, 28, 35, 34
7, 12, 20, 27, 28, 29, 23
6, 10, 11, 24, 26, 37, 1
7, 8, 16, 31, 32, 42, 38
8, 10, 24, 26, 28, 36, 17
9, 18, 29, 34, 38, 42, 25
5, 18, 30, 33, 35, 41, 17
10, 19, 21, 25, 28, 41, 20
1, 3, 12, 17, 22, 39, 18
3, 5, 16, 23, 28, 34, 24
9, 12, 15, 17, 25, 27, 24
1, 3, 15, 19, 31, 36, 5
22, 23, 25, 32, 34, 38, 28
2, 5, 14, 15, 26, 34, 28
3, 4, 9, 24, 34, 35, 21
1, 6, 9, 30, 31, 39, 23
10, 14, 20, 22, 32, 38, 16
8, 20, 22, 25, 35, 41, 30
9, 10, 15, 25, 40, 42, 28
3, 10, 11, 15, 34, 36, 6
2, 10, 14, 17, 19, 34, 41
3, 7, 10, 22, 33, 34, 23
7, 9, 13, 17, 35, 39, 4
4, 12, 17, 23, 26, 27, 9
6, 13, 14, 19, 23, 39, 16
2, 3, 18, 21, 30, 34, 35
13, 17, 21, 25, 31, 41, 28
8, 18, 19, 22, 28, 32, 29
13, 16, 19, 24, 32, 34, 6
4, 9, 14, 16, 24, 30, 38
3, 6, 9, 16, 17, 42, 13
9, 19, 24, 35, 36, 39, 22
1, 4, 10, 26, 28, 41, 25
14, 21, 25, 28, 31, 33, 2
15, 16, 18, 20, 28, 34, 27
2, 9, 14, 19, 39, 42, 31
12, 19, 23, 24, 35, 38, 37
2, 5, 7, 22, 28, 42, 21
4, 8, 16, 19, 22, 36, 27
10, 19, 30, 33, 39, 41, 36
2, 4, 11, 24, 30, 36, 8
2, 9, 15, 32, 38, 39, 37
7, 11, 28, 29, 41, 42, 32
3, 6, 14, 16, 22, 25, 4
10, 11, 18, 20, 40, 41, 21
1, 14, 23, 24, 36, 37, 25
1, 12, 13, 25, 31, 42, 39
16, 19, 22, 24, 25, 33, 5
6, 7, 9, 16, 21, 25, 20
8, 9, 10, 12, 19, 34, 22
15, 21, 23, 28, 31, 41, 36
9, 12, 14, 22, 25, 29, 37
3, 9, 13, 23, 30, 32, 21
3, 17, 22, 24, 29, 38, 16
1, 15, 22, 34, 39, 40, 31
2, 3, 7, 8, 14, 38, 24
3, 4, 7, 11, 19, 35, 17
1, 5, 7, 23, 26, 40, 12
4, 7, 17, 21, 26, 30, 25
3, 5, 9, 30, 34, 41, 12
8, 13, 22, 24, 28, 33, 2
4, 10, 11, 21, 24, 27, 19
2, 4, 6, 27, 36, 39, 5
11, 15, 22, 28, 30, 36, 19
2, 4, 7, 13, 20, 22, 15
10, 13, 28, 29, 35, 39, 20
5, 12, 18, 30, 31, 34, 11
3, 15, 22, 33, 34, 42, 13
5, 16, 17, 19, 20, 37, 2
6, 16, 17, 21, 35, 39, 34
7, 9, 10, 18, 24, 32, 31
2, 5, 9, 32, 39, 42, 35
2, 3, 28, 34, 36, 42, 30
1, 4, 12, 20, 34, 41, 17
1, 18, 24, 25, 26, 37, 16
9, 17, 18, 29, 34, 42, 41
17, 22, 24, 26, 34, 38, 42
2, 4, 5, 10, 21, 37, 42
13, 20, 27, 33, 37, 42, 25
7, 15, 17, 24, 29, 40, 16
13, 16, 22, 24, 27, 28, 25
5, 9, 22, 26, 27, 32, 8
1, 4, 12, 30, 36, 42, 15
5, 8, 13, 22, 28, 32, 31
5, 13, 16, 27, 29, 38, 26
7, 23, 24, 33, 34, 38, 35
4, 11, 18, 19, 35, 36, 7
3, 4, 12, 17, 33, 39, 21
2, 11, 16, 24, 28, 42, 37
7, 13, 25, 27, 34, 41, 18
2, 3, 5, 8, 27, 40, 37
2, 13, 18, 21, 23, 32, 14
3, 30, 32, 34, 35, 42, 18
8, 10, 13, 33, 35, 36, 4
8, 19, 23, 31, 25, 41, 3
3, 4, 22, 23, 28, 35, 1
8, 14, 21, 22, 24, 33, 6
6, 7, 10, 17, 32, 36, 18
2, 18, 21, 28, 30, 42, 13
6, 14, 20, 25, 31, 41, 27
10, 13, 15, 20, 27, 41, 17
1, 3, 6, 20, 29, 35, 26
3, 13, 18, 22, 27, 41, 32
10, 22, 23, 36, 39, 42, 1
6, 11, 15, 32, 34, 35, 10
3, 22, 27, 29, 37, 42, 10
6, 11, 18, 29, 30, 37, 3
5, 18, 22, 23, 33, 40, 34
5, 8, 9, 34, 38, 39, 7
11, 13, 21, 31, 40, 42, 35
2, 7, 8, 17, 27, 36, 20
2, 5, 6, 7, 22, 30, 29
1, 8, 11, 21, 26, 36, 31
2, 15, 27, 28, 35, 42, 19
11, 12, 20, 23, 28, 40, 39
3, 9, 10, 12, 15, 31, 8
9, 10, 11, 26, 28, 32, 25
7, 16, 18, 31, 36, 42, 12
3, 17, 18, 27, 36, 42, 9
2, 24, 25, 30, 33, 41, 4
4, 6, 10, 30, 34, 39, 27
1, 9, 11, 17, 23, 39, 8
2, 9, 20, 36, 38, 39, 34
1, 3, 6, 7, 31, 34, 12
5, 17, 20, 21, 32, 35, 3
11, 12, 25, 28, 29, 35, 22
9, 14, 20, 23, 27, 33, 3
14, 23, 25, 28, 38, 39, 24
1, 14, 19, 20, 38, 40, 12
1, 3, 7, 34, 35, 42, 13
8, 16, 20, 22, 37, 42, 13
6, 11, 21, 28, 34, 40, 20
12, 16, 22, 24, 36, 38, 9
13, 17, 32, 33, 39, 42, 9
10, 19, 24, 28, 35, 36, 32
2, 11, 15, 20, 40, 41, 26
1, 5, 11, 27, 29, 30, 31
3, 4, 8, 11, 38, 40, 30
1, 14, 18, 34, 35, 37, 41
13, 16, 28, 31, 35, 42, 40
2, 25, 27, 29, 33, 40, 9
4, 15, 16, 20, 39, 42, 2
2, 6, 16, 25, 33, 38, 1
4, 8, 19, 22, 39, 42, 21
8, 9, 10, 18, 19, 27, 22
20, 21, 26, 30, 33, 39, 4
8, 24, 27, 30, 38, 41, 10
8, 20, 24, 25, 27, 36, 16
13, 16, 31, 32, 36, 40, 5
4, 9, 25, 26, 31, 42, 34
1, 8, 10, 14, 21, 26, 12
12, 14, 17, 21, 22, 29, 40
3, 9, 12, 18, 23, 33, 39
2, 21, 23, 25, 30, 35, 24
7, 16, 18, 19, 21, 27, 32
1, 3, 4, 9, 16, 29, 24
6, 27, 29, 37, 40, 42, 24
20, 25, 29, 33, 34, 37, 3
8, 9, 13, 22, 32, 38, 25
9, 20, 23, 27, 33, 40, 6
1, 12, 18, 20, 21, 34, 9
4, 10, 24, 25, 30, 36, 19
5, 14, 23, 27, 36, 38, 4
2, 6, 18, 26, 29, 31, 25
5, 7, 8, 12, 22, 33, 24
4, 22, 29, 30, 32, 36, 20
3, 7, 9, 14, 28, 32, 18
6, 13, 16, 26, 29, 33, 23
7, 13, 20, 23, 36, 38, 35
1, 7, 19, 24, 32, 34, 3
5, 18, 19, 33, 38, 42, 12
15, 19, 30, 35, 39, 40, 6
6, 8, 10, 15, 24, 25, 17
8, 9, 14, 28, 29, 39, 22
1, 7, 16, 30, 35, 36, 18
11, 14, 17, 20, 27, 28, 36
2, 6, 11, 14, 39, 41, 33
7, 11, 12, 17, 23, 29, 6
1, 4, 19, 28, 36, 37, 24
3, 9, 13, 24, 35, 37, 28
10, 19, 29, 30, 33, 36, 6
4, 12, 15, 23, 27, 29, 13
2, 4, 19, 26, 31, 34, 33
7, 15, 21, 22, 23, 26, 17
3, 9, 14, 20, 23, 42, 27
3, 4, 20, 22, 24, 39, 26
6, 9, 12, 14, 17, 39, 24
2, 7, 8, 20, 37, 38, 3
7, 12, 17, 19, 35, 42, 27
10, 18, 19, 31, 36, 41, 32
4, 11, 13, 19, 20, 37, 32
8, 12, 14, 21, 24, 39, 3
3, 9, 11, 15, 22, 32, 37
3, 10, 19, 32, 33, 34, 42
2, 19, 21, 29, 31, 33, 13
5, 6, 22, 28, 33, 34, 24
18, 23, 25, 26, 32, 34, 31
2, 12, 19, 23, 32, 39, 5
6, 7, 13, 26, 33, 35, 23
6, 10, 12, 15, 30, 40, 24
3, 12, 13, 18, 24, 34, 8
2, 7, 11, 17, 21, 31, 25
11, 14, 15, 23, 34, 42, 5
15, 18, 21, 29, 35, 40, 3
7, 8, 14, 32, 36, 38, 22
4, 9, 15, 23, 34, 40, 22
2, 5, 7, 18, 20, 31, 13
9, 13, 26, 30, 38, 41, 1
10, 22, 23, 28, 35, 38, 19
1, 3, 12, 25, 29, 34, 16
2, 5, 9, 19, 25, 33, 32
3, 4, 15, 17, 22, 28, 2
4, 7, 18, 28, 33, 36, 24
15, 19, 21, 27, 31, 32, 16
1, 11, 21, 24, 31, 41, 33
11, 17, 19, 20, 34, 42, 30
4, 13, 17, 23, 32, 39, 42
7, 13, 16, 20, 23, 29, 17
12, 20, 25, 28, 32, 34, 27
9, 15, 24, 27, 28, 37, 8
4, 13, 14, 21, 26, 37, 32
5, 9, 16, 33, 35, 40, 23
10, 14, 15, 33, 37, 42, 6
6, 10, 12, 20, 25, 42, 28
6, 9, 13, 31, 33, 35, 5
3, 6, 12, 14, 19, 40, 15
7, 13, 30, 35, 41, 42, 39
15, 17, 24, 31, 36, 38, 39
12, 21, 24, 25, 34, 35, 6
9, 14, 19, 24, 26, 28, 30
4, 8, 11, 30, 34, 39, 17
2, 3, 5, 7, 38, 39, 40
11, 21, 23, 25, 33, 37, 34
4, 6, 8, 14, 17, 26, 31
6, 9, 23, 37, 39, 42, 12
8, 9, 26, 28, 33, 35, 14
9, 16, 21, 22, 35, 41, 32
7, 12, 13, 23, 24, 31, 8
1, 10, 11, 15, 21, 31, 13
19, 27, 28, 33, 37, 39, 32
9, 22, 23, 31, 34, 40, 11
5, 7, 13, 15, 30, 33, 20
10, 23, 24, 26, 38, 40, 20
23, 24, 25, 32, 34, 38, 20
3, 7, 20, 26, 32, 35, 22
11, 20, 23, 38, 40, 42, 26
5, 12, 16, 17, 18, 27, 13
3, 17, 21, 26, 29, 34, 1
5, 12, 16, 29, 37, 38, 36
1, 7, 10, 24, 30, 40, 6
4, 6, 8, 9, 23, 31, 2
4, 13, 24, 28, 31, 42, 9
15, 17, 23, 24, 27, 28, 2
8, 10, 25, 28, 29, 39, 18
8, 9, 17, 32, 36, 40, 28
8, 11, 12, 19, 35, 41, 18
6, 7, 11, 20, 23, 25, 9
7, 12, 16, 30, 40, 42, 38
7, 9, 15, 18, 36, 39, 6
3, 18, 25, 29, 38, 41, 24
1, 9, 14, 15, 26, 33, 25
5, 10, 12, 13, 21, 40, 38
23, 24, 25, 30, 36, 42, 32
16, 22, 23, 25, 28, 40, 27
22, 23, 24, 26, 36, 39, 3
2, 10, 13, 30, 37, 38, 18
4, 17, 25, 33, 35, 40, 5
3, 8, 20, 27, 32, 37, 21
4, 16, 32, 33, 36, 39, 19
3, 25, 27, 28, 36, 38, 12
8, 21, 27, 32, 38, 42, 10
5, 14, 18, 24, 37, 42, 29
4, 7, 17, 29, 32, 39, 5
1, 8, 11, 12, 28, 30, 4
4, 11, 12, 16, 35, 40, 31
1, 3, 12, 26, 39, 41, 31
10, 16, 17, 22, 23, 34, 7
14, 19, 28, 36, 40, 41, 34
7, 8, 17, 18, 34, 36, 22
10, 22, 30, 35, 38, 39, 12
5, 17, 18, 20, 27, 30, 21
6, 18, 26, 27, 28, 39, 25
1, 4, 6, 13, 38, 41, 26
5, 8, 9, 19, 24, 42, 37
5, 10, 13, 16, 20, 31, 22
11, 22, 23, 27, 32, 40, 17
1, 6, 11, 19, 24, 31, 9
6, 23, 31, 33, 36, 40, 22
2, 16, 24, 25, 27, 28, 5
14, 18, 19, 31, 35, 41, 42
5, 6, 13, 21, 34, 37, 9
5, 10, 15, 21, 26, 38, 25
9, 18, 24, 34, 41, 42, 30
13, 26, 31, 39, 40, 42, 8
6, 8, 10, 21, 25, 42, 37
2, 9, 15, 16, 17, 22, 36
8, 22, 25, 32, 35, 41, 28
2, 5, 15, 18, 28, 29, 9
3, 5, 11, 18, 22, 31, 25
2, 21, 22, 28, 32, 42, 8
2, 8, 16, 25, 29, 33, 36
6, 14, 19, 23, 24, 26, 5
2, 15, 24, 26, 28, 30, 3
3, 7, 22, 23, 29, 40, 20
17, 18, 23, 28, 33, 38, 36
1, 2, 5, 24, 32, 36, 8
12, 21, 24, 30, 31, 32, 22
3, 13, 17, 25, 30, 31, 1
1, 10, 11, 16, 26, 33, 17
6, 16, 18, 25, 27, 39, 31
1, 4, 14, 21, 39, 41, 27
6, 14, 24, 35, 37, 41, 15
1, 2, 3, 14, 24, 38, 40
5, 10, 21, 23, 31, 39, 35
11, 15, 19, 21, 29, 34, 25
3, 11, 12, 19, 22, 39, 23
5, 15, 25, 28, 32, 37, 41
7, 10, 35, 40, 41, 42, 16
5, 6, 7, 12, 19, 40, 11
1, 4, 7, 11, 12, 32, 15
1, 4, 7, 11, 12, 32, 15
1, 4, 7, 11, 12, 32, 15
1, 4, 7, 11, 12, 32, 15
1, 4, 7, 11, 12, 32, 15
1, 4, 7, 11, 12, 32, 15
1, 4, 7, 11, 12, 32, 15
1, 4, 7, 11, 12, 32, 15
1, 4, 7, 11, 12, 32, 15
1, 4, 7, 11, 12, 32, 15
14, 32, 35, 37, 39, 40, 2
6, 13, 15, 25, 28, 33, 39
5, 11, 18, 20, 25, 32, 37
12, 21, 22, 23, 39, 42, 31
3, 19, 22, 25, 26, 33, 32
3, 7, 8, 9, 11, 30, 28
7, 10, 17, 19, 21, 23, 5
2, 6, 18, 19, 29, 34, 33
8, 11, 12, 17, 21, 31, 3
6, 15, 16, 19, 25, 32, 8
6, 8, 9, 27, 28, 30, 7
8, 19, 20, 25, 27, 41, 5
1, 6, 9, 15, 23, 35, 29
17, 23, 28, 31, 32, 41, 25
2, 7, 8, 14, 26, 28, 42
12, 16, 17, 19, 20, 37, 2
12, 25, 26, 27, 37, 40, 30
6, 18, 19, 21, 28, 34, 40
9, 10, 17, 18, 20, 31, 28
1, 7, 8, 17, 20, 39, 18
1, 11, 26, 28, 30, 33, 4
6, 7, 12, 24, 25, 28, 30
12, 14, 16, 17, 19, 24, 15
2, 8, 12, 15, 19, 38, 42
2, 6, 7, 22, 30, 36, 34
6, 14, 20, 34, 40, 41, 3
4, 5, 7, 10, 14, 27, 29
1, 4, 13, 20, 33, 38, 19
8, 11, 14, 18, 30, 41, 22
8, 36, 38, 39, 40, 41, 6
1, 8, 13, 14, 31, 34, 12
9, 28, 35, 37, 38, 41, 23
1, 5, 20, 26, 29, 39, 13
6, 30, 31, 34, 40, 42, 19
1, 10, 16, 27, 36, 37, 26
10, 14, 22, 23, 33, 42, 21
8, 16, 17, 22, 34, 41, 39
1, 18, 20, 34, 40, 41, 23
11, 13, 15, 16, 19, 21, 5
1, 3, 7, 12, 14, 35, 5
3, 8, 12, 16, 30, 39, 29
12, 14, 18, 19, 22, 38, 39
1, 3, 10, 13, 37, 41, 19
11, 16, 28, 29, 35, 40, 42
10, 15, 19, 23, 27, 39, 2
1, 4, 6, 15, 29, 41, 23
14, 16, 19, 20, 33, 38, 18
3, 5, 6, 22, 25, 39, 36
4, 5, 8, 15, 29, 32, 3
9, 11, 15, 20, 27, 33, 4
10, 15, 17, 18, 24, 39, 16
1, 13, 19, 29, 30, 36, 16
1, 14, 20, 22, 35, 36, 5
4, 21, 23, 29, 32, 37, 2
12, 13, 17, 21, 24, 25, 33
7, 23, 24, 26, 27, 30, 11
3, 20, 30, 31, 38, 40, 36
2, 9, 15, 22, 24, 42, 5
6, 8, 13, 17, 19, 32, 3
11, 13, 14, 32, 38, 39, 6
14, 15, 25, 28, 29, 39, 31
7, 20, 21, 25, 37, 38, 40
1, 10, 19, 20, 23, 41, 7
1, 16, 28, 33, 34, 39, 22
16, 19, 24, 29, 32, 34, 42
15, 28, 32, 35, 36, 42, 19
1, 3, 23, 28, 30, 39, 35
7, 10, 15, 18, 24, 35, 14
8, 12, 21, 30, 35, 42, 28
3, 8, 9, 11, 17, 28, 10
2, 13, 21, 28, 34, 37, 16
4, 15, 26, 28, 30, 42, 33
2, 12, 13, 29, 37, 42, 9
13, 20, 21, 30, 32, 36, 17
13, 20, 21, 30, 32, 36, 17
5, 9, 17, 18, 20, 26, 25
4, 7, 14, 27, 32, 42, 21
7, 13, 15, 24, 32, 37, 3
2, 4, 6, 7, 25, 28, 10
1, 13, 20, 30, 33, 39, 41
12, 15, 19, 26, 33, 39, 8
13, 15, 25, 29, 31, 34, 35
21, 24, 27, 35, 36, 40, 42
6, 7, 13, 17, 21, 37, 24
6, 16, 28, 29, 30, 31, 9
12, 17, 22, 24, 37, 41, 4
3, 9, 17, 19, 27, 40, 7
6, 11, 13, 18, 34, 42, 3
20, 21, 25, 32, 40, 41, 16
9, 15, 18, 36, 38, 42, 29
7, 9, 14, 22, 23, 37, 13
3, 11, 16, 21, 23, 42, 38
14, 18, 26, 37, 39, 42, 35
6, 9, 10, 14, 20, 36, 38
1, 5, 22, 27, 33, 42, 41
6, 13, 24, 28, 38, 41, 2
1, 15, 32, 33, 41, 42, 13
2, 6, 8, 9, 11, 12, 10
2, 4, 14, 23, 24, 32, 27
11, 17, 19, 30, 32, 34, 12
1, 3, 6, 8, 12, 18, 26
5, 8, 9, 15, 21, 33, 7
6, 15, 18, 20, 22, 38, 21
1, 4, 12, 23, 32, 39, 40
1, 7, 20, 24, 40, 41, 23
17, 27, 29, 32, 36, 38, 33
15, 27, 35, 36, 39, 40, 19
2, 23, 26, 27, 34, 37, 25
12, 17, 20, 34, 37, 40, 23
3, 12, 13, 19, 20, 40, 15
14, 25, 26, 31, 32, 42, 15
5, 25, 28, 29, 33, 41, 37
1, 3, 8, 11, 19, 37, 40
6, 25, 35, 36, 38, 40, 19
8, 9, 15, 16, 23, 29, 11
7, 12, 13, 18, 41, 42, 28
3, 10, 27, 31, 41, 42, 28
7, 9, 14, 25, 37, 40, 39
1, 6, 15, 30, 33, 40, 4
4, 20, 21, 28, 37, 39, 16
6, 25, 28, 32, 34, 41, 4
8, 15, 20, 22, 39, 40, 2
4, 5, 12, 15, 19, 41, 3
9, 13, 20, 25, 31, 41, 6
5, 15, 16, 18, 19, 22, 17
11, 12, 17, 20, 34, 41, 22
8, 10, 15, 19, 21, 25, 20
8, 9, 11, 17, 41, 42, 34
12, 18, 20, 33, 37, 40, 31
13, 22, 25, 31, 34, 40, 9
3, 23, 32, 36, 39, 41, 17
1, 22, 25, 31, 33, 40, 23
10, 12, 24, 25, 39, 42, 2
11, 14, 26, 28, 32, 42, 27
3, 7, 12, 19, 23, 42, 21
3, 9, 16, 18, 26, 27, 34
1, 6, 14, 23, 29, 40, 32
2, 5, 22, 26, 28, 31, 4
1, 14, 22, 25, 36, 37, 20
3, 19, 28, 30, 32, 39, 23
12, 19, 21, 23, 34, 39, 42
4, 5, 15, 22, 30, 39, 7
3, 14, 15, 18, 19, 25, 31
5, 6, 12, 21, 24, 33, 4
4, 12, 18, 27, 30, 33, 9
2, 4, 7, 22, 25, 34, 3
6, 8, 10, 24, 25, 32, 42
5, 9, 11, 18, 22, 36, 31
3, 10, 13, 18, 24, 37, 20
7, 12, 17, 23, 32, 39, 18
1, 3, 4, 20, 24, 27, 34
3, 7, 29, 31, 35, 37, 33
6, 14, 30, 31, 41, 42, 19
2, 9, 20, 22, 26, 34, 29
9, 15, 17, 23, 28, 42, 22
2, 8, 18, 19, 23, 35, 28
4, 8, 9, 34, 37, 39, 31
3, 7, 10, 13, 26, 36, 41
2, 7, 10, 18, 20, 34, 41
3, 4, 15, 16, 22, 26, 20
10, 12, 25, 29, 34, 40, 11
19, 22, 27, 28, 29, 35, 31
6, 8, 15, 24, 25, 42, 28
1, 8, 21, 22, 30, 37, 18
3, 6, 10, 13, 20, 26, 25
1, 4, 12, 15, 16, 22, 19
7, 10, 16, 22, 30, 41, 26
1, 3, 30, 34, 36, 37, 5
10, 11, 16, 22, 30, 41, 19
5, 19, 34, 35, 38, 42, 13
3, 4, 14, 21, 26, 42, 15
8, 14, 15, 18, 26, 32, 6
8, 10, 11, 18, 29, 35, 38
6, 9, 20, 25, 38, 39, 11
4, 19, 24, 31, 32, 37, 18
8, 30, 37, 38, 40, 42, 1
11, 14, 21, 30, 31, 35, 19
7, 14, 23, 27, 33, 34, 31
20, 24, 26, 27, 30, 31, 19
12, 13, 17, 20, 23, 25, 2
15, 16, 30, 33, 40, 42, 25
15, 16, 30, 33, 40, 42, 25
2, 10, 21, 22, 27, 41, 11
10, 14, 18, 22, 28, 39, 20
4, 11, 27, 29, 38, 42, 28
5, 17, 26, 27, 31, 41, 15
10, 17, 22, 24, 29, 37, 11
7, 13, 17, 30, 31, 38, 27
2, 14, 18, 19, 24, 39, 1
3, 6, 7, 8, 33, 35, 29
3, 9, 12, 14, 21, 34, 26
3, 6, 8, 16, 21, 31, 11
15, 20, 25, 30, 35, 36, 32
6, 12, 17, 25, 28, 30, 4
5, 8, 11, 20, 35, 40, 38
11, 15, 29, 30, 31, 33, 39
6, 9, 16, 34, 35, 40, 5
3, 21, 28, 34, 36, 39, 17
4, 5, 9, 10, 32, 36, 33
3, 17, 20, 21, 25, 33, 28
6, 9, 12, 19, 21, 40, 36
13, 15, 16, 21, 34, 40, 3
17, 21, 36, 37, 41, 42, 26
1, 9, 13, 21, 34, 36, 32
3, 12, 15, 26, 29, 32, 30
5, 22, 23, 25, 31, 32, 11
8, 9, 26, 31, 40, 41, 16
1, 3, 13, 14, 31, 32, 19
6, 13, 14, 16, 18, 19, 28
2, 4, 14, 20, 38, 42, 6
2, 7, 10, 13, 19, 32, 34
2, 3, 13, 29, 31, 42, 11
8, 10, 19, 21, 26, 42, 30
1, 9, 16, 19, 20, 25, 23
1, 12, 22, 23, 33, 40, 39
17, 22, 28, 36, 37, 39, 11
5, 11, 15, 24, 28, 36, 25
4, 16, 23, 30, 32, 39, 27
14, 17, 20, 24, 29, 42, 22
8, 9, 22, 32, 34, 35, 36
19, 23, 27, 29, 33, 41, 26
2, 3, 4, 13, 30, 32, 28
1, 4, 6, 7, 13, 29, 3
8, 13, 16, 20, 27, 37, 41
5, 10, 12, 23, 40, 42, 27
1, 8, 13, 19, 22, 33, 40
10, 23, 35, 36, 38, 40, 13
8, 13, 21, 29, 35, 40, 28
10, 16, 18, 29, 35, 37, 33
12, 13, 14, 20, 26, 40, 2
10, 15, 21, 24, 26, 37, 28
3, 15, 25, 27, 29, 31, 40
1, 4, 17, 24, 35, 40, 5
19, 20, 21, 22, 31, 35, 2
6, 9, 14, 28, 29, 37, 32
3, 16, 20, 22, 34, 36, 14
9, 16, 22, 30, 32, 40, 15
17, 24, 28, 37, 38, 41, 33
1, 7, 16, 28, 33, 35, 19
4, 7, 15, 21, 26, 38, 41
4, 7, 32, 34, 39, 41, 3
5, 14, 24, 26, 27, 33, 22
5, 8, 13, 23, 30, 42, 1
4, 5, 12, 29, 32, 39, 42
1, 6, 12, 21, 25, 42, 13
24, 25, 26, 28, 29, 35, 39
2, 3, 10, 12, 17, 28, 32
13, 15, 16, 23, 33, 40, 35
8, 10, 16, 18, 39, 40, 7
13, 18, 23, 29, 33, 39, 20
9, 14, 16, 22, 30, 38, 7
6, 7, 26, 31, 37, 38, 9
22, 23, 25, 27, 29, 36, 2
2, 12, 15, 22, 23, 26, 4
3, 4, 8, 13, 18, 39, 31
4, 11, 12, 14, 26, 28, 1
2, 16, 23, 28, 34, 41, 18
1, 3, 15, 17, 25, 34, 13
6, 7, 14, 26, 29, 40, 27
13, 17, 19, 20, 24, 27, 22
3, 4, 8, 22, 28, 29, 33
6, 9, 19, 23, 25, 37, 4
8, 19, 20, 38, 39, 40, 4
8, 11, 16, 21, 36, 42, 19
3, 13, 17, 19, 23, 27, 33
9, 13, 23, 28, 35, 41, 19
6, 27, 28, 30, 33, 35, 13
4, 18, 24, 35, 36, 38, 40
1, 7, 11, 18, 40, 41, 36
3, 7, 10, 21, 23, 30, 26
10, 17, 29, 31, 38, 42, 37
11, 14, 19, 20, 34, 39, 32
2, 8, 9, 30, 34, 36, 1
2, 3, 10, 11, 36, 37, 38
5, 13, 17, 21, 25, 36, 24
3, 11, 16, 31, 33, 42, 29
17, 18, 21, 34, 35, 38, 10
2, 9, 17, 18, 20, 35, 15
2, 3, 6, 26, 40, 41, 29
6, 24, 31, 32, 33, 35, 14
6, 14, 16, 29, 33, 34, 7
25, 26, 29, 33, 35, 40, 27
11, 12, 15, 18, 22, 25, 7
5, 17, 19, 24, 25, 36, 32
10, 21, 22, 26, 29, 33, 2
11, 20, 28, 36, 41, 42, 21
9, 11, 13, 16, 32, 37, 26
13, 27, 31, 32, 33, 42, 18
2, 3, 23, 28, 29, 39, 37
13, 17, 19, 24, 27, 38, 37
3, 10, 19, 28, 40, 42, 26
14, 30, 35, 37, 39, 41, 38
1, 14, 18, 23, 26, 31, 4
3, 9, 11, 20, 34, 37, 2
1, 12, 17, 31, 37, 39, 3
8, 9, 14, 25, 27, 35, 26
30, 32, 34, 36, 38, 39, 33
18, 21, 25, 28, 35, 42, 15
14, 16, 18, 19, 29, 42, 12
9, 13, 26, 27, 38, 42, 1
7, 13, 15, 25, 34, 41, 9
9, 10, 17, 29, 30, 40, 34
4, 5, 10, 20, 26, 28, 8
8, 9, 13, 26, 30, 34, 16
11, 17, 28, 36, 38, 40, 16
14, 17, 19, 24, 30, 32, 25
2, 9, 20, 25, 37, 41, 1
8, 10, 12, 19, 20, 42, 3
2, 4, 7, 11, 21, 37, 34
15, 20, 22, 23, 25, 37, 36
2, 12, 21, 29, 33, 39, 24
8, 21, 22, 31, 34, 38, 12
3, 13, 15, 21, 25, 35, 9
8, 17, 20, 21, 22, 39, 37
7, 18, 28, 38, 39, 41, 40
14, 27, 29, 35, 36, 40, 41
8, 11, 12, 15, 27, 35, 1
3, 15, 20, 26, 27, 35, 39
5, 12, 13, 22, 33, 42, 21
5, 6, 10, 18, 27, 28, 24
6, 7, 14, 15, 27, 29, 13
9, 10, 15, 19, 27, 35, 14
10, 12, 21, 30, 34, 41, 26
1, 7, 12, 14, 26, 38, 33
3, 18, 28, 35, 37, 39, 6
3, 17, 18, 28, 36, 40, 20
9, 20, 22, 31, 40, 41, 29
12, 17, 25, 31, 33, 35, 1
2, 15, 22, 24, 31, 41, 7
13, 15, 27, 30, 38, 42, 37
10, 25, 30, 31, 34, 38, 37
2, 4, 5, 10, 14, 35, 27
1, 2, 5, 18, 26, 39, 8
14, 19, 20, 27, 29, 37, 4
1, 5, 7, 30, 32, 38, 28
5, 16, 24, 29, 37, 42, 1
8, 11, 13, 15, 17, 29, 9
6, 9, 10, 12, 14, 39, 19
1, 14, 23, 31, 38, 40, 33
3, 7, 10, 18, 29, 36, 25
4, 6, 7, 12, 15, 18, 34
6, 10, 16, 17, 27, 42, 25
4, 14, 18, 20, 41, 42, 29
15, 17, 19, 32, 35, 38, 2
13, 22, 24, 25, 27, 35, 7
1, 11, 12, 13, 27, 41, 21
13, 15, 16, 17, 35, 40, 6
4, 22, 25, 34, 37, 42, 1
4, 12, 24, 28, 32, 35, 22
3, 6, 8, 11, 32, 42, 41
8, 22, 28, 34, 36, 40, 30
4, 16, 22, 30, 38, 39, 2
1, 13, 29, 37, 38, 39, 27
6, 10, 25, 26, 31, 42, 11
6, 11, 25, 29, 33, 36, 32
1, 21, 28, 29, 33, 37, 25
8, 18, 22, 26, 37, 42, 9
2, 4, 34, 37, 41, 42, 26
16, 19, 20, 37, 38, 41, 17
3, 8, 11, 23, 28, 40, 25
1, 12, 17, 22, 36, 38, 40
6, 15, 24, 34, 38, 39, 22
10, 12, 18, 23, 37, 38, 24
4, 16, 24, 35, 40, 42, 9
11, 23, 24, 27, 28, 38, 17
7, 12, 15, 16, 25, 31, 1
3, 17, 19, 21, 31, 41, 27
2, 3, 14, 16, 31, 41, 26
20, 25, 27, 38, 40, 41, 16
10, 14, 26, 28, 31, 37, 3
2, 7, 14, 23, 25, 29, 4
1, 2, 16, 27, 29, 30, 38
19, 23, 24, 31, 32, 42, 2
2, 5, 11, 26, 31, 33, 6
4, 17, 21, 28, 33, 35, 24
2, 3, 8, 20, 32, 39, 34
2, 6, 11, 20, 22, 34, 35
10, 14, 21, 35, 37, 42, 11
4, 10, 13, 14, 29, 30, 2
4, 12, 17, 22, 27, 34, 39
3, 7, 9, 14, 29, 41, 38
1, 3, 10, 27, 41, 42, 38
4, 11, 12, 14, 19, 32, 34
8, 15, 24, 29, 40, 42, 3
1, 7, 9, 10, 19, 38, 18
6, 28, 34, 35, 38, 39, 17
15, 22, 27, 32, 34, 35, 29
11, 13, 18, 24, 27, 28, 5
4, 7, 16, 19, 28, 32, 15
1, 8, 12, 15, 32, 39, 20
8, 26, 27, 39, 40, 42, 20
3, 11, 14, 15, 28, 34, 22
3, 18, 19, 27, 30, 31, 14
7, 22, 23, 27, 34, 40, 19
10, 22, 26, 27, 37, 41, 34
5, 7, 24, 27, 40, 42, 22
3, 7, 12, 37, 38, 41, 33
10, 11, 14, 30, 32, 41, 15
7, 17, 19, 23, 31, 39, 38
2, 9, 18, 35, 38, 40, 16
4, 6, 15, 33, 37, 38, 26
7, 10, 15, 29, 30, 34, 18
5, 18, 21, 25, 35, 42, 8
13, 30, 31, 38, 40, 42, 34
10, 15, 17, 27, 34, 42, 32
4, 8, 12, 19, 25, 32, 30
1, 10, 21, 28, 33, 42, 7
1, 9, 14, 22, 30, 41, 15
7, 19, 24, 28, 29, 40, 37
2, 14, 22, 27, 29, 40, 16
1, 4, 7, 11, 35, 38, 41
5, 7, 13, 33, 39, 40, 14
13, 16, 21, 26, 29, 37, 4
6, 14, 18, 31, 36, 38, 32
7, 8, 19, 20, 26, 32, 24
3, 7, 18, 28, 35, 37, 26
1, 4, 15, 20, 26, 40, 24
1, 17, 24, 29, 30, 40, 25
2, 9, 10, 23, 26, 37, 22
5, 13, 21, 24, 25, 34, 41
4, 5, 18, 22, 30, 37, 14
1, 14, 26, 31, 34, 35, 5
8, 11, 15, 21, 26, 41, 22
11, 13, 18, 19, 34, 38, 9
2, 10, 11, 24, 40, 42, 3
6, 12, 14, 15, 20, 25, 36
8, 16, 25, 26, 30, 33, 14
4, 5, 13, 14, 34, 41, 2
8, 16, 21, 27, 32, 42, 39
11, 25, 29, 30, 32, 35, 24
10, 11, 19, 25, 30, 40, 4
13, 15, 18, 22, 30, 41, 16
2, 7, 23, 28, 39, 42, 5
1, 3, 18, 26, 28, 29, 21
3, 12, 17, 20, 38, 40, 4
3, 4, 6, 10, 19, 38, 8
12, 23, 25, 27, 31, 35, 34
1, 6, 26, 36, 39, 41, 24
6, 11, 17, 20, 23, 32, 14
3, 13, 19, 21, 23, 27, 7
16, 18, 22, 27, 38, 41, 8
5, 10, 12, 14, 28, 33, 21
2, 17, 18, 30, 34, 37, 33
12, 13, 25, 30, 31, 32, 19
2, 6, 12, 24, 29, 39, 8
10, 21, 23, 24, 29, 42, 36
1, 8, 16, 19, 25, 37, 24
1, 3, 15, 16, 28, 42, 26
4, 10, 20, 24, 31, 34, 40
8, 10, 14, 18, 19, 22, 24
5, 6, 7, 15, 39, 40, 21
4, 8, 9, 15, 40, 41, 36
14, 16, 27, 28, 38, 41, 29
1, 15, 21, 22, 26, 38, 3
5, 8, 18, 20, 30, 35, 23
6, 15, 18, 20, 21, 25, 23
8, 10, 21, 25, 28, 32, 9
13, 20, 25, 28, 35, 40, 22
6, 7, 14, 22, 29, 30, 10
19, 34, 36, 40, 41, 42, 14
7, 8, 32, 34, 35, 36, 38
2, 14, 16, 22, 25, 41, 29
15, 19, 20, 23, 36, 39, 1
4, 6, 15, 34, 35, 37, 5
12, 17, 18, 31, 34, 37, 15
1, 11, 17, 30, 31, 33, 32
1, 21, 23, 24, 25, 32, 22
1, 3, 4, 13, 22, 28, 40
5, 13, 14, 21, 25, 42, 40
3, 12, 20, 31, 34, 35, 27
3, 6, 11, 16, 21, 28, 36
6, 18, 20, 27, 39, 40, 37
17, 22, 26, 34, 38, 39, 23
9, 11, 20, 22, 29, 39, 24
10, 23, 25, 28, 39, 40, 21
6, 9, 10, 12, 15, 19, 22
11, 14, 19, 25, 31, 39, 37
4, 7, 10, 12, 15, 40, 35
4, 15, 19, 22, 24, 38, 31
3, 11, 12, 15, 22, 24, 8
4, 10, 26, 31, 33, 37, 6
15, 16, 18, 22, 28, 41, 32
20, 21, 33, 35, 36, 41, 23
1, 3, 14, 24, 25, 28, 17
9, 12, 14, 21, 22, 42, 24
11, 13, 24, 25, 27, 39, 16
11, 14, 22, 31, 35, 36, 37
4, 8, 10, 13, 22, 26, 28
13, 18, 22, 24, 26, 37, 3
8, 10, 23, 27, 29, 34, 1
8, 14, 21, 25, 35, 41, 10
4, 13, 19, 24, 27, 36, 38
19, 23, 28, 29, 34, 35, 24
12, 13, 17, 24, 25, 27, 29
2, 12, 13, 18, 22, 34, 3
4, 21, 22, 25, 33, 41, 39
5, 13, 19, 25, 39, 41, 35
3, 11, 21, 30, 32, 40, 1
1, 17, 20, 23, 28, 34, 41
2, 3, 7, 8, 15, 20, 40
3, 8, 17, 19, 31, 41, 11
4, 11, 22, 32, 40, 42, 38
10, 22, 28, 31, 34, 39, 2
4, 9, 20, 22, 33, 42, 35
12, 14, 17, 18, 20, 23, 26
3, 16, 20, 23, 27, 41, 6
1, 4, 10, 16, 24, 29, 41
7, 9, 17, 18, 23, 34, 32
11, 13, 25, 27, 32, 34, 29
9, 13, 16, 26, 38, 42, 31
5, 8, 23, 24, 25, 33, 7
6, 9, 16, 25, 27, 39, 7
6, 8, 14, 19, 20, 38, 7
7, 10, 12, 20, 36, 40, 23
3, 14, 32, 33, 36, 38, 31
1, 5, 8, 18, 22, 33, 35
1, 2, 14, 24, 36, 40, 25
12, 13, 20, 28, 29, 38, 25
4, 10, 12, 15, 22, 34, 9
4, 6, 13, 15, 24, 33, 32
12, 16, 19, 29, 37, 39, 27
4, 25, 26, 30, 34, 42, 31
5, 13, 22, 33, 34, 40, 32
3, 4, 6, 14, 16, 39, 20
3, 13, 14, 18, 22, 37, 34
1, 17, 18, 20, 23, 29, 10
6, 8, 18, 29, 35, 42, 24
3, 14, 23, 30, 34, 35, 2
1, 14, 15, 23, 32, 34, 10
4, 6, 13, 18, 33, 41, 22
1, 4, 14, 15, 20, 31, 8
15, 23, 25, 30, 39, 40, 9
10, 15, 29, 30, 34, 38, 28
5, 6, 12, 16, 24, 38, 35
5, 20, 28, 31, 33, 39, 42
6, 10, 18, 25, 27, 42, 16
6, 8, 9, 13, 30, 36, 15
1, 8, 9, 26, 35, 38, 18
2, 14, 32, 40, 41, 42, 38
5, 15, 21, 31, 36, 41, 7
3, 12, 14, 27, 32, 39, 33
18, 23, 24, 30, 34, 40, 32
7, 9, 23, 32, 40, 41, 39
1, 2, 14, 20, 26, 29, 40
9, 11, 32, 33, 37, 41, 42
2, 8, 31, 32, 34, 37, 35
9, 10, 13, 22, 32, 40, 7
1, 13, 16, 18, 25, 42, 6
11, 14, 18, 21, 22, 23, 30
3, 13, 20, 32, 38, 41, 24
4, 10, 11, 17, 28, 32, 24
8, 13, 24, 25, 27, 32, 36
5, 12, 16, 23, 26, 31, 42
17, 23, 31, 34, 35, 42, 1
2, 4, 13, 21, 37, 38, 41
3, 12, 22, 24, 28, 39, 35
7, 18, 21, 29, 31, 36, 2
8, 13, 14, 22, 41, 42, 16
3, 5, 20, 24, 27, 35, 17
10, 12, 15, 22, 23, 27, 17
6, 11, 15, 27, 30, 38, 41
6, 12, 17, 18, 22, 31, 3
6, 23, 26, 29, 30, 39, 16
19, 25, 27, 28, 33, 36, 31
5, 13, 14, 27, 36, 41, 33
9, 16, 17, 18, 33, 38, 24
6, 21, 24, 26, 33, 36, 16
25, 30, 32, 34, 35, 41, 13
16, 19, 22, 25, 31, 36, 21
16, 27, 30, 31, 37, 39, 29
10, 18, 29, 31, 32, 41, 19
14, 20, 21, 23, 34, 42, 7
7, 21, 29, 30, 38, 39, 25
1, 5, 10, 16, 18, 37, 2
15, 20, 34, 35, 37, 41, 11
2, 8, 19, 21, 34, 37, 30
6, 8, 11, 16, 20, 27, 18
3, 21, 25, 30, 32, 38, 10
2, 12, 25, 29, 37, 38, 17
20, 27, 28, 30, 36, 37, 40
5, 14, 22, 23, 30, 37, 31
10, 11, 14, 17, 33, 34, 25
4, 7, 14, 15, 20, 36, 41
17, 21, 22, 32, 36, 42, 11
2, 4, 6, 12, 20, 22, 33
2, 7, 12, 26, 36, 41, 21
1, 2, 16, 28, 33, 35, 7
4, 6, 16, 17, 21, 30, 40
10, 11, 14, 25, 27, 28, 21
1, 12, 19, 23, 24, 34, 39
3, 18, 20, 27, 32, 33, 39
14, 18, 29, 32, 40, 42, 9
2, 8, 9, 23, 27, 39, 41
5, 7, 9, 20, 31, 35, 6
5, 9, 13, 19, 34, 42, 1
1, 5, 9, 23, 28, 41, 34
1, 2, 4, 11, 14, 42, 28
1, 7, 27, 35, 38, 39, 2
2, 3, 13, 14, 24, 41, 40
3, 13, 21, 24, 29, 32, 9
11, 18, 19, 24, 36, 38, 17
1, 11, 16, 33, 39, 41, 26
2, 5, 16, 21, 34, 35, 26
1, 8, 12, 20, 32, 38, 25
8, 21, 23, 35, 36, 39, 29
10, 15, 22, 23, 28, 38, 19
5, 14, 23, 25, 38, 40, 39
1, 11, 12, 19, 23, 24, 18
19, 20, 23, 24, 26, 36, 42
4, 20, 24, 30, 36, 40, 19
2, 4, 25, 31, 33, 36, 40
5, 12, 13, 29, 34, 39, 22
7, 25, 28, 32, 35, 39, 29
5, 18, 30, 34, 41, 42, 6
13, 17, 18, 27, 31, 34, 33
5, 17, 18, 33, 35, 41, 20
11, 19, 20, 28, 35, 37, 38
1, 9, 15, 22, 29, 33, 39
7, 12, 18, 23, 29, 34, 35
7, 15, 25, 35, 40, 41, 32
3, 6, 13, 14, 29, 30, 1
4, 12, 28, 29, 34, 39, 21
1, 2, 17, 29, 39, 40, 11
7, 8, 13, 31, 29, 40, 12
18, 22, 24, 32, 41, 42, 15
1, 13, 24, 27, 34, 42, 21
1, 18, 22, 32, 38, 41, 4
5, 11, 29, 30, 31, 36, 7
4, 15, 27, 30, 34, 39, 16
17, 20, 26, 27, 36, 38, 23
3, 10, 14, 19, 37, 40, 25
8, 9, 24, 31, 35, 37, 29
1, 9, 16, 20, 34, 39, 42
2, 6, 8, 9, 27, 39, 4
5, 8, 9, 16, 25, 31, 23
10, 12, 24, 28, 32, 37, 31
1, 3, 11, 16, 19, 33, 26
8, 15, 28, 36, 38, 41, 27
1, 5, 13, 21, 29, 40, 20
1, 5, 14, 26, 32, 35, 6
2, 8, 10, 13, 22, 31, 18
2, 8, 17, 18, 21, 25, 39
7, 10, 19, 22, 25, 27, 23
2, 11, 17, 18, 28, 38, 33
3, 5, 6, 7, 8, 14, 1
2, 4, 6, 11, 28, 42, 29
6, 8, 14, 20, 23, 26, 15
12, 19, 21, 24, 26, 40, 10
2, 13, 14, 17, 31, 42, 19
1, 5, 8, 9, 29, 42, 11
9, 11, 24, 26, 39, 40, 5
9, 13, 20, 28, 29, 42, 8
8, 16, 17, 21, 33, 35, 2
18, 28, 29, 32, 37, 38, 21
6, 26, 28, 29, 34, 39, 31
6, 12, 18, 20, 25, 34, 4
2, 27, 28, 29, 34, 39, 26
1, 9, 12, 14, 16, 24, 2
1, 2, 17, 39, 40, 42, 25
2, 6, 10, 12, 22, 23, 9
6, 8, 14, 19, 25, 42, 31
17, 27, 28, 34, 40, 42, 7
6, 7, 13, 31, 37, 39, 23
2, 3, 8, 23, 37, 39, 5
9, 15, 30, 32, 39, 42, 25
8, 15, 21, 24, 32, 38, 14
2, 11, 15, 19, 26, 30, 5
8, 11, 16, 25, 30, 35, 24
15, 21, 27, 31, 37, 38, 32
6, 15, 16, 24, 29, 42, 26
2, 17, 24, 28, 34, 36, 19
3, 23, 25, 34, 37, 41, 42
4, 6, 21, 28, 29, 36, 12
11, 22, 26, 31, 37, 39, 24
4, 9, 14, 20, 28, 34, 37
10, 11, 12, 17, 26, 42, 16
13, 20, 24, 30, 31, 41, 6
3, 4, 12, 21, 23, 26, 28
5, 14, 18, 20, 32, 41, 22
3, 4, 16, 22, 25, 42, 2
3, 14, 21, 36, 41, 42, 2
4, 14, 16, 17, 33, 38, 19
5, 10, 11, 15, 28, 40, 16
11, 17, 23, 26, 32, 41, 31
14, 16, 23, 26, 28, 34, 18
1, 23, 26, 32, 35, 37, 15
2, 4, 14, 29, 31, 32, 33
4, 13, 18, 19, 22, 41, 6
6, 13, 25, 29, 36, 38, 39
2, 5, 16, 23, 27, 29, 20
9, 11, 13, 14, 15, 29, 36
14, 15, 20, 22, 29, 37, 39
8, 11, 24, 25, 36, 42, 12
9, 15, 16, 33, 37, 40, 11
5, 12, 13, 33, 36, 41, 7
4, 18, 19, 23, 36, 40, 38
8, 12, 15, 20, 23, 42, 3
4, 6, 9, 13, 14, 18, 36
9, 11, 16, 33, 36, 38, 12
1, 3, 4, 20, 24, 26, 35
5, 27, 32, 35, 36, 38, 18
4, 21, 25, 31, 35, 40, 11
2, 7, 18, 38, 39, 41, 22
7, 15, 23, 25, 32, 40, 11
4, 8, 9, 16, 35, 40, 18
9, 19, 24, 33, 34, 37, 27
14, 16, 27, 28, 36, 42, 32
5, 18, 19, 23, 38, 40, 34
6, 14, 21, 26, 32, 40, 22
2, 8, 21, 24, 36, 40, 30
12, 15, 22, 23, 30, 41, 2
3, 4, 8, 17, 19, 41, 16
2, 3, 8, 11, 16, 28, 36
2, 4, 17, 22, 26, 31, 42
10, 13, 19, 20, 21, 36, 34
3, 7, 8, 12, 20, 24, 26
9, 14, 17, 27, 35, 40, 26
10, 18, 19, 24, 27, 28, 13
11, 12, 19, 30, 34, 41, 5
1, 14, 32, 36, 39, 41, 25
1, 8, 11, 19, 29, 40, 22
1, 10, 18, 23, 33, 34, 15
6, 13, 23, 36, 37, 1, 14
21, 33, 35, 40, 41, 42, 34
4, 23, 25, 35, 36, 39, 13
4, 12, 17, 34, 40, 42, 6
2, 3, 7, 9, 25, 33, 22
2, 3, 13, 19, 36, 39, 7
1, 6, 10, 15, 35, 42, 30
3, 12, 20, 23, 32, 41, 34
13, 17, 21, 33, 35, 36, 30
1, 2, 3, 17, 19, 32, 7
19, 22, 36, 37, 40, 41, 15
14, 15, 21, 27, 34, 41, 9
1, 4, 7, 17, 30, 31, 36
1, 8, 17, 18, 31, 40, 38
7, 14, 20, 32, 38, 40, 33
5, 7, 22, 30, 35, 40, 15
2, 5, 9, 24, 31, 33, 18
13, 14, 24, 26, 27, 31, 30
5, 8, 10, 11, 16, 20, 4
20, 22, 28, 34, 40, 41, 15
4, 5, 8, 12, 21, 35, 11
10, 14, 18, 27, 31, 39, 20
2, 8, 14, 20, 25, 30, 10
1, 8, 19, 28, 40, 41, 26
3, 11, 15, 23, 28, 38, 20
7, 10, 11, 17, 20, 25, 36
3, 6, 13, 15, 30, 33, 5
6, 14, 18, 20, 36, 42, 38
1, 10, 18, 22, 23, 32, 27
2, 4, 16, 29, 30, 41, 8
5, 14, 18, 20, 34, 37, 27
13, 14, 20, 31, 36, 40, 6
1, 17, 22, 40, 41, 42, 16
16, 17, 19, 22, 27, 36, 13
11, 15, 19, 23, 26, 34, 12
2, 17, 19, 27, 31, 40, 5
1, 8, 10, 13, 24, 27, 4
6, 12, 18, 22, 32, 33, 24
4, 7, 8, 10, 20, 31, 35
4, 28, 31, 38, 39, 42, 22
3, 8, 12, 25, 26, 38, 2
4, 8, 12, 13, 20, 32, 2
4, 5, 9, 15, 24, 38, 42
1, 3, 12, 14, 16, 32, 30
1, 5, 9, 13, 30, 40, 37
9, 16, 32, 36, 38, 41, 37
1, 5, 6, 8, 30, 33, 17
2, 7, 15, 19, 24, 39, 12
22, 23, 24, 28, 37, 42, 30
9, 19, 26, 32, 34, 42, 35
11, 15, 16, 20, 21, 24, 42
20, 24, 27, 31, 33, 41, 35
11, 21, 23, 24, 32, 33, 2
6, 12, 21, 23, 35, 41, 42
4, 9, 14, 24, 31, 36, 5
12, 13, 14, 22, 29, 42, 3
8, 15, 21, 30, 32, 42, 11
4, 10, 12, 17, 32, 41, 2
1, 10, 17, 28, 30, 39, 20
10, 14, 21, 32, 36, 37, 24
4, 17, 23, 25, 33, 38, 15
1, 4, 9, 22, 29, 33, 27
6, 22, 28, 31, 35, 37, 11
5, 11, 13, 27, 29, 36, 38
12, 20, 25, 28, 33, 38, 9
3, 9, 19, 24, 33, 35, 28
9, 14, 16, 17, 25, 28, 40
2, 15, 18, 22, 33, 42, 26
17, 22, 30, 33, 37, 39, 36
6, 9, 11, 32, 36, 42, 41
2, 10, 16, 17, 22, 31, 9
4, 9, 27, 32, 33, 34, 22
2, 6, 14, 23, 29, 32, 42
9, 20, 22, 24, 27, 31, 33
3, 9, 18, 23, 30, 33, 38
5, 21, 24, 28, 34, 37, 25
6, 8, 9, 23, 33, 37, 20
16, 23, 28, 29, 36, 41, 30
2, 11, 16, 22, 26, 34, 13
9, 19, 29, 30, 31, 39, 25
11, 18, 23, 24, 29, 37, 35
22, 26, 27, 31, 34, 36, 12
6, 8, 13, 33, 34, 37, 19
15, 17, 20, 35, 39, 42, 25
3, 11, 15, 28, 36, 39, 5
4, 7, 15, 40, 41, 42, 18
7, 10, 12, 27, 28, 32, 5
2, 4, 11, 14, 25, 41, 30
13, 14, 18, 21, 33, 39, 20
4, 8, 12, 20, 39, 41, 17
4, 7, 21, 24, 36, 38, 40
5, 7, 14, 18, 35, 41, 1
6, 16, 23, 24, 29, 31, 21
1, 17, 30, 31, 34, 35, 38
3, 4, 13, 19, 21, 34, 23
4, 5, 6, 18, 24, 36, 28
4, 23, 29, 31, 33, 42, 22
5, 10, 21, 22, 26, 41, 3
6, 23, 29, 31, 35, 40, 17
8, 12, 17, 33, 34, 41, 26
3, 21, 23, 27, 35, 36, 40
4, 19, 30, 32, 38, 42, 34
4, 6, 18, 23, 26, 29, 31
5, 12, 19, 29, 31, 37, 32
2, 5, 13, 16, 30, 38, 31
9, 10, 24, 27, 32, 39, 26
4, 5, 10, 19, 22, 33, 30
5, 8, 9, 13, 31, 40, 3
1, 3, 6, 12, 19, 24, 10
8, 10, 14, 27, 28, 30, 25
9, 16, 27, 29, 36, 39, 3
7, 17, 26, 35, 36, 37, 21
12, 13, 18, 29, 34, 41, 37
1, 4, 17, 19, 36, 42, 33
5, 7, 15, 25, 37, 41, 38
4, 7, 16, 22, 37, 40, 26
3, 6, 17, 22, 26, 30, 9
2, 6, 9, 23, 27, 31, 17
2, 5, 7, 11, 23, 33, 24
2, 3, 7, 15, 20, 42, 12
5, 10, 19, 21, 24, 32, 9
3, 5, 18, 28, 36, 37, 33
2, 3, 18, 28, 31, 41, 40
2, 3, 6, 7, 18, 38, 12
14, 20, 21, 24, 30, 33, 12
6, 7, 10, 30, 33, 35, 32
7, 8, 10, 18, 20, 41, 6
2, 3, 15, 19, 20, 36, 9
8, 9, 20, 31, 40, 41, 12
1, 21, 25, 30, 37, 39, 31
8, 14, 20, 28, 30, 41, 1
4, 9, 20, 24, 39, 41, 5
6, 7, 22, 25, 29, 38, 2
4, 26, 27, 31, 35, 40, 5
2, 18, 25, 34, 38, 40, 20
3, 15, 17, 19, 29, 30, 32
4, 17, 18, 32, 36, 40, 26
9, 13, 19, 20, 34, 37, 5
3, 6, 9, 11, 12, 23, 26
1, 17, 24, 26, 30, 31, 34
3, 4, 8, 16, 25, 28, 10
5, 7, 11, 28, 33, 41, 17
2, 12, 13, 14, 16, 42, 41
4, 7, 12, 28, 30, 39, 9
25, 28, 29, 32, 36, 39, 21
14, 15, 21, 25, 29, 36, 13
1, 3, 11, 18, 23, 35, 28
3, 11, 12, 34, 41, 42, 6
6, 13, 14, 25, 30, 38, 15
8, 10, 12, 18, 24, 36, 19
2, 11, 12, 13, 20, 40, 27
1, 2, 5, 26, 35, 38, 19
4, 6, 10, 11, 15, 21, 41
8, 20, 29, 31, 32, 40, 4
5, 6, 9, 33, 36, 41, 24
7, 16, 23, 25, 33, 40, 8
11, 12, 15, 27, 34, 40, 7
2, 15, 22, 28, 29, 41, 11
10, 15, 20, 29, 30, 41, 14
4, 6, 7, 13, 36, 39, 27
6, 9, 12, 14, 22, 29, 26
16, 17, 19, 28, 35, 39, 31
20, 35, 36, 38, 41, 42, 6
7, 16, 17, 18, 30, 31, 19
17, 24, 26, 27, 32, 40, 42
9, 14, 23, 25, 33, 42, 6
4, 6, 21, 32, 36, 40, 18
1, 4, 17, 27, 35, 36, 3
5, 14, 22, 23, 25, 31, 7
3, 5, 16, 19, 24, 31, 12
8, 19, 21, 24, 40, 42, 2
2, 4, 15, 26, 28, 33, 12
16, 20, 23, 26, 27, 29, 13
2, 5, 30, 40, 41, 42, 17
7, 16, 29, 32, 42, 4, 24
18, 19, 25, 29, 32, 37, 5
1, 17, 19, 24, 32, 33, 40
4, 6, 11, 22, 25, 34, 9
4, 11, 18, 25, 32, 42, 41
5, 7, 20, 36, 38, 39, 4
2, 16, 24, 28, 30, 41, 14
3, 6, 11, 20, 22, 32, 26
9, 13, 27, 34, 35, 41, 40
7, 11, 12, 18, 21, 25, 13
4, 20, 27, 28, 34, 40, 21
5, 13, 18, 26, 31, 36, 25
4, 20, 29, 33, 37, 41, 2
8, 13, 23, 24, 26, 41, 4
1, 3, 5, 17, 29, 36, 40
5, 14, 25, 33, 37, 41, 22
1, 6, 14, 18, 20, 33, 22
1, 2, 9, 30, 41, 42, 15
2, 4, 9, 13, 20, 34, 33
1, 8, 20, 22, 28, 35, 14
2, 8, 17, 20, 28, 33, 21
13, 24, 25, 33, 38, 42, 35
1, 4, 10, 11, 15, 25, 8
22, 25, 27, 33, 35, 37, 3
20, 21, 28, 32, 41, 42, 5
4, 5, 15, 19, 24, 25, 10
1, 20, 22, 29, 32, 39, 19
4, 11, 22, 27, 33, 40, 35
3, 17, 23, 30, 37, 40, 10
6, 9, 11, 21, 22, 25, 28
12, 14, 16, 19, 29, 36, 34
5, 9, 15, 25, 34, 42, 22
5, 7, 13, 23, 32, 38, 35
16, 17, 18, 30, 35, 36, 24
5, 10, 26, 27, 33, 38, 37
11, 13, 15, 25, 32, 33, 2
4, 6, 10, 20, 36, 40, 5
5, 6, 8, 29, 30, 38, 7
4, 16, 20, 22, 30, 35, 23
6, 10, 11, 14, 19, 34, 31
2, 4, 8, 9, 13, 18, 6
3, 9, 15, 20, 21, 24, 39
8, 24, 28, 29, 34, 36, 11
11, 20, 21, 27, 28, 29, 40
6, 12, 16, 35, 37, 39, 11
2, 5, 10, 24, 27, 38, 18
9, 11, 22, 25, 31, 39, 34
1, 2, 9, 14, 16, 22, 3
1, 6, 11, 20, 28, 29, 4
6, 10, 13, 18, 28, 42, 20
13, 16, 21, 34, 37, 42, 26
3, 8, 14, 23, 35, 38, 6
2, 4, 6, 19, 30, 38, 16
8, 14, 17, 18, 20, 35, 3
3, 11, 12, 17, 38, 41, 19
2, 7, 10, 11, 26, 31, 38
1, 18, 23, 26, 29, 34, 14
7, 11, 13, 14, 21, 30, 27
13, 16, 21, 28, 30, 34, 12
7, 20, 27, 29, 38, 41, 10
12, 15, 24, 28, 37, 39, 41
8, 14, 16, 26, 32, 37, 33
21, 24, 27, 32, 36, 40, 2
4, 8, 25, 32, 40, 41, 39
5, 6, 8, 12, 17, 39, 19
6, 7, 12, 20, 29, 39, 11
9, 10, 16, 20, 23, 36, 1
2, 12, 14, 18, 33, 36, 27
8, 26, 30, 31, 34, 37, 12
14, 17, 31, 32, 33, 40, 3
15, 17, 19, 20, 34, 39, 35
15, 18, 22, 24, 31, 37, 34
9, 13, 16, 34, 38, 40, 36
4, 5, 9, 16, 21, 38, 10
10, 17, 24, 30, 34, 37, 6
5, 13, 14, 30, 38, 42, 35
11, 24, 28, 31, 33, 37, 34
3, 16, 26, 27, 31, 36, 29
2, 4, 5, 18, 21, 37, 8
2, 19, 29, 31, 36, 39, 30
9, 13, 16, 31, 34, 39, 23
6, 18, 22, 31, 35, 37, 25
4, 5, 16, 19, 27, 39, 31
5, 9, 25, 28, 37, 38, 12
3, 16, 17, 18, 29, 33, 41
15, 21, 31, 36, 37, 41, 20
6, 10, 22, 23, 25, 35, 12
2, 19, 22, 23, 25, 27, 5
11, 12, 17, 21, 40, 42, 25
9, 19, 21, 23, 30, 42, 41
4, 6, 14, 16, 23, 36, 15
4, 17, 21, 22, 32, 33, 30
6, 12, 13, 15, 29, 30, 23
10, 20, 21, 26, 31, 36, 34
12, 21, 26, 27, 37, 38, 25
13, 30, 33, 37, 40, 41, 27
1, 16, 33, 35, 36, 41, 8
11, 21, 22, 27, 29, 38, 10
5, 17, 18, 19, 35, 40, 21
11, 15, 16, 19, 20, 41, 1
12, 15, 29, 33, 35, 38, 26
5, 11, 20, 26, 36, 40, 25
1, 16, 17, 24, 30, 32, 11
9, 19, 25, 31, 33, 38, 10
1, 16, 19, 21, 22, 23, 20
5, 6, 15, 16, 29, 30, 9
2, 3, 8, 13, 33, 37, 27
7, 14, 17, 23, 26, 33, 22
7, 12, 14, 25, 32, 38, 34
1, 3, 17, 18, 28, 31, 36
6, 7, 10, 20, 34, 41, 17
6, 17, 24, 26, 38, 42, 13
8, 25, 28, 32, 36, 37, 3
1, 6, 13, 20, 32, 38, 34
6, 12, 13, 16, 37, 42, 17
3, 7, 8, 19, 35, 42, 25
11, 15, 21, 28, 30, 32, 6
4, 7, 16, 17, 24, 39, 28
2, 8, 19, 20, 28, 37, 27
21, 23, 31, 32, 34, 39, 2
9, 17, 18, 25, 30, 32, 36
9, 12, 13, 30, 31, 35, 42
5, 11, 15, 19, 23, 37, 33
6, 20, 23, 31, 34, 40, 5
15, 16, 28, 34, 37, 38, 29
3, 13, 19, 20, 34, 38, 41
1, 17, 24, 27, 38, 40, 29
1, 12, 21, 31, 34, 38, 17
1, 10, 12, 34, 36, 37, 13
11, 24, 25, 27, 40, 42, 10
8, 10, 24, 31, 33, 39, 35
9, 15, 28, 30, 32, 41, 16
3, 19, 23, 26, 34, 35, 40
3, 13, 14, 16, 19, 32, 18
4, 18, 25, 35, 36, 40, 31
14, 15, 21, 32, 37, 41, 25
9, 22, 31, 34, 37, 42, 29
2, 8, 12, 17, 31, 33, 1
9, 20, 23, 27, 33, 39, 18
26, 27, 29, 30, 31, 39, 22
10, 14, 18, 28, 32, 33, 37
10, 12, 14, 18, 30, 41, 26
9, 14, 18, 27, 37, 38, 39
3, 4, 7, 14, 15, 39, 36
1, 28, 35, 38, 39, 42, 18
7, 28, 30, 32, 36, 40, 23
6, 10, 25, 30, 33, 38, 22
6, 9, 31, 33, 34, 40, 16
2, 9, 18, 21, 25, 34, 35
2, 7, 10, 24, 33, 37, 25
10, 13, 23, 25, 33, 35, 2
8, 9, 13, 17, 32, 40, 22
2, 9, 23, 29, 31, 38, 40
1, 6, 10, 21, 22, 36, 32
4, 13, 19, 21, 25, 37, 2
9, 10, 11, 17, 18, 31, 34
18, 22, 28, 30, 33, 34, 21
1, 12, 15, 28, 31, 35, 32
2, 20, 23, 27, 29, 39, 4
12, 23, 28, 29, 36, 42, 9
3, 12, 20, 33, 34, 38, 25
3, 10, 15, 20, 41, 42, 33
4, 6, 7, 12, 21, 36, 27
6, 20, 24, 25, 29, 41, 36
10, 15, 23, 29, 32, 36, 30
10, 13, 16, 23, 33, 40, 14
19, 29, 36, 37, 38, 41, 18
2, 12, 15, 19, 29, 34, 1
1, 2, 7, 8, 12, 38, 39
2, 9, 18, 20, 24, 37, 41
16, 20, 21, 24, 30, 31, 39
4, 10, 13, 27, 31, 33, 32
9, 14, 19, 26, 33, 41, 11
5, 7, 9, 13, 17, 39, 30
10, 13, 19, 26, 32, 42, 20
3, 9, 19, 21, 24, 35, 31
12, 15, 19, 31, 32, 37, 9
3, 17, 18, 22, 34, 41, 7
4, 21, 27, 32, 34, 42, 25
6, 13, 18, 23, 26, 33, 32
5, 25, 26, 29, 30, 36, 35
1, 11, 18, 20, 27, 34, 19
6, 12, 13, 18, 21, 40, 8
3, 4, 7, 14, 18, 40, 42
11, 17, 29, 36, 41, 42, 4
1, 6, 20, 21, 31, 35, 42
1, 4, 10, 14, 20, 28, 38
4, 9, 19, 23, 33, 34, 27
3, 19, 23, 24, 27, 37, 18
4, 8, 20, 25, 34, 40, 11
13, 15, 23, 24, 29, 37, 34
17, 18, 23, 30, 33, 35, 21
7, 22, 26, 36, 37, 38, 16
7, 19, 25, 28, 33, 40, 4
4, 7, 15, 20, 33, 34, 11
7, 26, 29, 32, 35, 41, 14
2, 3, 12, 25, 36, 40, 22
3, 17, 26, 31, 39, 41, 38
3, 4, 26, 30, 33, 40, 28
8, 10, 11, 20, 26, 27, 32
9, 14, 20, 23, 25, 29, 13
7, 14, 15, 20, 31, 33, 6
3, 14, 15, 16, 20, 27, 6
5, 15, 25, 35, 41, 42, 34
4, 12, 13, 14, 26, 35, 32
1, 6, 7, 18, 34, 40, 11
5, 11, 12, 19, 21, 31, 15
2, 12, 22, 23, 28, 33, 26
8, 11, 13, 21, 22, 35, 5
3, 7, 14, 37, 39, 42, 29
8, 12, 15, 19, 27, 36, 18
8, 12, 18, 27, 34, 41, 24
14, 18, 20, 22, 23, 30, 5
24, 25, 30, 32, 35, 37, 31
10, 12, 17, 32, 35, 42, 18
4, 9, 11, 16, 23, 33, 5
3, 7, 19, 20, 32, 33, 21
4, 12, 13, 17, 27, 32, 23
7, 12, 19, 35, 37, 42, 30
13, 14, 20, 22, 33, 39, 31
1, 2, 19, 31, 37, 38, 7
7, 14, 15, 18, 30, 38, 22
4, 7, 15, 17, 27, 37, 41
3, 19, 22, 30, 40, 42, 36
10, 11, 19, 21, 33, 42, 39
2, 20, 26, 30, 40, 41, 14
6, 8, 10, 18, 22, 42, 11
8, 18, 21, 30, 35, 39, 14
15, 17, 19, 21, 23, 28, 39
7, 13, 17, 22, 27, 37, 26
5, 6, 10, 14, 39, 40, 16
4, 6, 7, 20, 21, 35, 36
3, 10, 18, 24, 37, 42, 32
9, 16, 19, 25, 36, 38, 3
6, 9, 17, 19, 25, 38, 24
16, 20, 21, 24, 32, 41, 10
7, 12, 14, 31, 32, 41, 19
11, 23, 31, 33, 37, 38, 6
20, 22, 24, 26, 27, 37, 14
3, 19, 24, 27, 29, 36, 21
4, 5, 12, 13, 19, 23, 26
9, 11, 14, 16, 26, 37, 1
7, 25, 27, 28, 35, 39, 29
12, 14, 20, 21, 22, 29, 6
12, 16, 31, 32, 33, 37, 24
3, 10, 11, 14, 16, 28, 29
5, 21, 23, 34, 39, 40, 37
1, 6, 26, 29, 33, 36, 42
7, 8, 19, 26, 35, 37, 42
2, 6, 12, 13, 24, 42, 16
5, 14, 21, 33, 35, 38, 17
1, 16, 19, 28, 39, 40, 41
2, 4, 13, 14, 15, 23, 6
6, 11, 12, 16, 28, 36, 14
1, 9, 18, 25, 28, 32, 21
9, 19, 25, 27, 32, 36, 7
2, 11, 19, 27, 38, 39, 42
3, 11, 12, 13, 20, 37, 32
10, 15, 23, 28, 29, 36, 30
11, 12, 19, 26, 31, 34, 6
1, 15, 18, 19, 27, 38, 14
12, 18, 21, 26, 35, 38, 19
7, 10, 14, 21, 22, 42, 16
8, 23, 30, 36, 37, 39, 32
6, 12, 14, 19, 28, 31, 27
4, 14, 18, 21, 28, 32, 25
11, 16, 20, 21, 23, 38, 24
5, 9, 17, 28, 30, 34, 29
7, 8, 19, 34, 37, 42, 25
4, 7, 9, 12, 14, 33, 1
5, 6, 23, 30, 34, 39, 35
2, 22, 23, 30, 37, 42, 5
1, 9, 14, 15, 20, 33, 29
3, 11, 30, 34, 38, 42, 27
22, 26, 28, 37, 39, 40, 1
3, 5, 6, 19, 22, 31, 32
1, 10, 11, 28, 32, 37, 7
3, 4, 12, 18, 23, 26, 9
8, 19, 21, 31, 38, 39, 25
7, 11, 14, 18, 29, 38, 12
8, 10, 15, 17, 24, 31, 27
1, 10, 11, 14, 30, 33, 5
10, 19, 29, 33, 37, 38, 26
8, 18, 23, 24, 34, 37, 15
4, 10, 15, 19, 39, 42, 20
1, 5, 6, 30, 38, 40, 12
17, 20, 22, 23, 27, 40, 24
2, 12, 14, 19, 22, 29, 23
7, 10, 12, 13, 18, 38, 32
8, 10, 13, 28, 29, 35, 27
14, 26, 29, 30, 36, 40, 39
4, 7, 15, 25, 28, 29, 12
17, 19, 35, 37, 38, 42, 2
2, 4, 18, 23, 28, 39, 29
4, 12, 20, 21, 22, 42, 34
2, 7, 23, 29, 36, 42, 15
4, 9, 12, 20, 24, 28, 37
3, 9, 21, 26, 33, 36, 12
10, 21, 26, 30, 33, 35, 36
20, 27, 28, 30, 34, 38, 22
9, 12, 20, 24, 28, 31, 32
17, 23, 24, 29, 36, 40, 10
10, 22, 31, 32, 38, 41, 36
5, 10, 19, 24, 33, 34, 38
1, 9, 10, 19, 32, 41, 16
7, 21, 22, 29, 36, 37, 9
1, 9, 18, 27, 40, 42, 6
15, 18, 22, 30, 33, 37, 32
6, 8, 13, 15, 26, 42, 25
1, 9, 12, 13, 16, 31, 5
16, 20, 26, 35, 39, 42, 3
3, 9, 16, 26, 35, 38, 14
1, 3, 11, 14, 35, 39, 25
17, 18, 19, 35, 38, 42, 3
2, 15, 16, 20, 33, 42, 7
2, 4, 5, 22, 28, 37, 6
6, 14, 16, 19, 35, 39, 37
5, 19, 28, 32, 35, 42, 31
1, 7, 20, 21, 35, 39, 26
7, 16, 24, 27, 29, 34, 10
9, 17, 25, 34, 37, 39, 27
4, 18, 23, 27, 31, 36, 5
2, 4, 6, 9, 15, 29, 3
2, 9, 13, 16, 18, 25, 34
2, 10, 14, 24, 35, 40, 21
3, 22, 23, 24, 33, 34, 37
4, 10, 18, 19, 25, 34, 15
6, 8, 13, 18, 20, 26, 32
8, 15, 24, 28, 39, 41, 11
8, 13, 20, 23, 28, 34, 5
6, 19, 20, 24, 29, 31, 33
3, 4, 7, 13, 22, 40, 26
2, 7, 13, 31, 36, 42, 29
2, 4, 6, 8, 26, 28, 33
2, 5, 11, 32, 40, 42, 36
8, 10, 18, 23, 24, 40, 3
2, 12, 13, 28, 37, 42, 10
2, 8, 17, 28, 32, 37, 24
16, 20, 22, 27, 33, 40, 21
4, 10, 23, 33, 34, 37, 31
12, 16, 21, 22, 29, 35, 17
10, 22, 23, 33, 35, 39, 4
4, 16, 17, 22, 30, 33, 37
2, 4, 5, 9, 12, 29, 1
8, 13, 27, 28, 30, 34, 7
3, 25, 36, 38, 39, 40, 17
4, 5, 15, 16, 21, 33, 11
13, 24, 30, 32, 40, 42, 23
7, 9, 11, 14, 36, 40, 1
11, 19, 20, 22, 33, 34, 39
21, 27, 29, 36, 38, 39, 32
5, 17, 25, 37, 38, 42, 40
11, 14, 17, 19, 20, 42, 24
8, 13, 18, 21, 33, 39, 2
8, 12, 24, 34, 39, 40, 32
1, 4, 5, 21, 32, 34, 17
2, 12, 17, 27, 28, 36, 37
4, 5, 14, 25, 26, 40, 7
8, 16, 19, 28, 33, 40, 41
6, 12, 15, 25, 33, 37, 10
7, 8, 19, 27, 28, 36, 25
11, 15, 19, 29, 30, 36, 42
7, 10, 11, 14, 25, 32, 37
5, 9, 20, 25, 32, 35, 24
8, 11, 14, 17, 20, 28, 23
2, 20, 22, 29, 32, 39, 12
6, 10, 19, 25, 30, 35, 15
7, 10, 16, 31, 39, 41, 3
6, 12, 19, 30, 37, 39, 4
6, 9, 22, 33, 34, 39, 36
1, 6, 13, 23, 37, 38, 26
2, 13, 22, 23, 31, 37, 11
10, 12, 15, 18, 19, 42, 29
1, 12, 14, 18, 23, 24, 31
8, 9, 10, 20, 32, 35, 17
5, 11, 15, 25, 32, 35, 41
2, 14, 16, 22, 32, 39, 8
6, 7, 17, 20, 29, 35, 32
11, 16, 22, 25, 37, 41, 28
22, 24, 25, 26, 35, 40, 3
3, 13, 19, 22, 25, 28, 11
9, 11, 12, 13, 27, 41, 17
13, 15, 18, 25, 29, 40, 9
18, 24, 27, 30, 33, 34, 11
2, 5, 29, 32, 39, 40, 28
1, 5, 16, 20, 22, 29, 12
3, 4, 17, 20, 36, 42, 15
2, 10, 14, 17, 27, 40, 30
3, 5, 11, 20, 26, 27, 14
1, 3, 6, 16, 21, 40, 7
9, 12, 14, 28, 29, 33, 37
1, 5, 8, 22, 30, 37, 42
6, 8, 17, 24, 38, 40, 22
5, 9, 12, 24, 28, 29, 22
4, 11, 12, 20, 22, 26, 36
2, 5, 11, 13, 18, 35, 16
2, 13, 18, 20, 23, 36, 6
16, 17, 18, 27, 38, 42, 2
4, 10, 13, 14, 27, 34, 16
5, 6, 10, 18, 35, 36, 32
9, 19, 25, 29, 32, 39, 21
5, 15, 20, 26, 31, 34, 19
12, 20, 23, 33, 38, 41, 28
6, 10, 11, 17, 32, 42, 2
2, 14, 17, 26, 34, 41, 18
1, 13, 14, 15, 20, 25, 19
6, 12, 13, 25, 26, 39, 18
16, 30, 35, 36, 37, 41, 7
6, 8, 16, 26, 32, 36, 21
2, 10, 16, 21, 23, 38, 29
9, 21, 28, 32, 33, 40, 12
4, 9, 12, 16, 38, 42, 1
4, 14, 16, 26, 28, 32, 36
6, 20, 22, 35, 37, 38, 28
2, 6, 7, 12, 29, 39, 35
1, 2, 14, 17, 18, 22, 9
2, 10, 15, 23, 31, 39, 40
10, 13, 16, 18, 31, 36, 42
2, 4, 9, 22, 39, 42, 29
5, 8, 15, 19, 31, 33, 20
7, 9, 12, 20, 21, 35, 26
8, 22, 23, 33, 35, 36, 27
9, 12, 20, 26, 39, 40, 4
8, 13, 18, 19, 26, 31, 39
15, 20, 29, 34, 37, 39, 38
16, 20, 21, 27, 28, 32, 4
3, 12, 16, 20, 25, 34, 9
2, 6, 16, 21, 27, 33, 20
2, 8, 10, 28, 37, 41, 40
12, 19, 23, 30, 34, 42, 27
5, 7, 18, 25, 35, 39, 40
3, 8, 14, 17, 36, 40, 4
4, 19, 20, 26, 30, 39, 17
4, 14, 17, 21, 37, 40, 27
3, 12, 19, 27, 35, 42, 25
5, 11, 17, 18, 25, 28, 13
9, 23, 33, 37, 41, 42, 8
1, 2, 7, 11, 15, 39, 16
1, 11, 12, 27, 35, 40, 10
1, 4, 11, 20, 34, 38, 6
6, 11, 13, 30, 31, 33, 28
2, 18, 20, 21, 22, 39, 9
1, 2, 7, 15, 28, 30, 12
4, 8, 10, 20, 28, 34, 1
1, 4, 9, 14, 29, 37, 40
4, 12, 17, 18, 20, 42, 25
10, 20, 28, 29, 33, 35, 19
3, 7, 14, 15, 20, 28, 11
8, 21, 26, 29, 32, 34, 6
2, 10, 18, 23, 30, 31, 36
4, 7, 30, 31, 37, 39, 25
2, 5, 11, 14, 18, 30, 39
8, 11, 17, 22, 26, 38, 3
1, 12, 23, 28, 30, 41, 9
3, 11, 25, 33, 34, 42, 12
2, 7, 10, 17, 26, 39, 36
1, 20, 21, 29, 38, 41, 12
1, 3, 13, 21, 24, 35, 28
2, 10, 14, 16, 31, 36, 13
11, 14, 25, 31, 32, 37, 34
3, 12, 30, 31, 39, 40, 28
4, 17, 27, 29, 37, 42, 7
4, 5, 14, 22, 24, 38, 40
13, 18, 23, 24, 37, 42, 19
21, 24, 32, 36, 38, 39, 23
2, 6, 9, 24, 37, 40, 42
1, 11, 18, 20, 26, 28, 22
8, 12, 28, 33, 37, 38, 26
2, 6, 13, 27, 32, 35, 11
1, 13, 19, 29, 38, 40, 25
6, 11, 34, 38, 39, 40, 29
14, 21, 26, 34, 36, 42, 32
2, 5, 9, 16, 26, 35, 40
17, 21, 24, 26, 28, 31, 41
12, 18, 23, 38, 40, 41, 35
11, 13, 17, 21, 29, 33, 5
8, 12, 19, 21, 26, 42, 11
14, 18, 20, 22, 24, 33, 7
2, 12, 15, 27, 28, 39, 26
2, 5, 9, 11, 23, 26, 24
10, 13, 17, 18, 22, 28, 7
3, 8, 14, 17, 22, 35, 20
3, 7, 9, 24, 28, 33, 27
5, 16, 25, 40, 41, 42, 3
6, 11, 21, 32, 37, 41, 22
12, 21, 25, 28, 32, 38, 5
4, 5, 6, 28, 29, 35, 16
4, 14, 28, 32, 35, 41, 16
8, 19, 25, 26, 32, 36, 7
4, 8, 22, 34, 38, 41, 40
1, 3, 8, 26, 34, 42, 35
7, 15, 16, 28, 39, 40, 5
6, 18, 23, 29, 33, 36, 9
1, 8, 12, 33, 34, 39, 24
8, 11, 18, 22, 38, 40, 14
8, 11, 12, 20, 21, 29, 10
3, 5, 6, 19, 35, 38, 37
1, 21, 29, 30, 32, 39, 23
3, 8, 11, 18, 22, 31, 14
1, 14, 15, 18, 28, 35, 30
2, 11, 20, 22, 26, 28, 9
1, 11, 17, 24, 30, 32, 15
5, 8, 19, 22, 36, 39, 20
2, 12, 22, 28, 32, 41, 9
1, 10, 11, 14, 21, 34, 16
5, 28, 32, 33, 34, 40, 14
3, 7, 11, 12, 35, 39, 5
2, 10, 11, 24, 39, 40, 14
2, 6, 7, 15, 40, 42, 34
18, 20, 23, 26, 27, 41, 19
4, 15, 27, 32, 33, 41, 31
14, 23, 28, 32, 34, 41, 13
4, 21, 25, 29, 32, 38, 9
12, 21, 25, 27, 31, 37, 35
2, 5, 8, 16, 22, 29, 33
2, 9, 14, 36, 37, 41, 42
6, 25, 26, 32, 40, 42, 21
2, 5, 8, 12, 20, 38, 14
4, 5, 8, 11, 35, 37, 40
2, 4, 8, 20, 26, 33, 10
17, 20, 23, 29, 31, 37, 42
4, 5, 9, 13, 25, 34, 24
10, 11, 12, 15, 23, 25, 31
4, 18, 27, 29, 30, 37, 22
5, 7, 10, 14, 21, 25, 39
13, 24, 25, 33, 35, 36, 16
1, 13, 23, 24, 27, 28, 14
9, 12, 16, 28, 31, 36, 33
2, 3, 4, 14, 15, 31, 1
4, 21, 25, 30, 34, 38, 12
5, 8, 9, 31, 32, 38, 11
11, 17, 21, 24, 25, 34, 39
6, 7, 16, 31, 34, 41, 21
3, 4, 13, 18, 41, 42, 6
2, 3, 9, 12, 19, 30, 8
8, 10, 14, 24, 25, 34, 28
6, 13, 21, 25, 28, 31, 15
2, 24, 27, 30, 39, 41, 10
13, 15, 20, 29, 30, 41, 2
3, 27, 31, 34, 38, 40, 29
4, 8, 19, 27, 38, 39, 34
5, 6, 24, 25, 28, 35, 38
14, 15, 22, 31, 38, 40, 28
1, 5, 12, 26, 31, 32, 16
1, 4, 6, 7, 14, 35, 2
3, 7, 23, 26, 31, 38, 19
2, 15, 17, 19, 25, 28, 31
16, 20, 24, 28, 31, 37, 10
11, 14, 15, 27, 30, 38, 2
16, 17, 21, 25, 26, 39, 34
20, 22, 24, 28, 33, 39, 17
2, 21, 24, 28, 31, 40, 41
4, 20, 27, 36, 41, 42, 9
8, 11, 23, 25, 26, 32, 29
1, 3, 20, 23, 30, 39, 8
13, 14, 18, 29, 30, 42, 5
1, 10, 15, 25, 31, 42, 16
5, 12, 16, 17, 25, 29, 19
1, 2, 5, 12, 29, 38, 42
2, 3, 4, 26, 34, 36, 9
6, 16, 22, 29, 38, 42, 37
4, 14, 16, 24, 30, 33, 37
1, 3, 14, 26, 27, 34, 36
15, 30, 32, 35, 37, 39, 6
1, 11, 15, 19, 25, 38, 8
11, 22, 24, 27, 40, 41, 28
5, 16, 27, 29, 32, 39, 23
3, 17, 22, 29, 34, 42, 9
